0,132,709,8
3,116,870,8
8,44,594,8
9,160,1026,8
10,291,566,8
11,329,229,8
12,45,479,8
13,625,4018,8
23,604,731,8
24,320,784,8
71,1182,1249,8
72,1210,2861,8
73,206,622,8
74,694,3393,8
75,67,706,8
76,216,1062,8
77,86,636,8
81,929,1734,8
82,863,1590,8
84,1606,1215,8
88,2169,157,8
89,1264,379,8
90,1180,937,8
91,2042,283,8
93,2233,2397,8
94,818,913,8
95,675,1300,8
96,3284,1201,8
97,1618,2112,8
98,917,535,8
99,1309,95,8
104,992,1727,8
105,1563,570,8
106,736,878,8
107,851,1421,8
108,625,577,8
109,1311,4328,8
110,164,2210,8
113,399,925,8
114,122,314,8
115,1406,908,8
116,67,181,8
117,395,363,8
118,315,1148,8
119,86,421,8
162,3274,8406,8
222,21,332,8
226,54,535,8
227,20,194,8
472,620,1464,8
473,22,169,8
474,54,184,8
475,39,220,8
476,12,68,8
622,288,963,8
623,3485,6510,8
624,60,190,8
625,36,611,8
626,264,1104,8
627,378,1200,8
628,1169,1799,8
629,93,480,8
630,1152,429,8
631,187,971,8
632,108,558,8
633,55,512,8
634,27,281,8
635,170,888,8
636,84,594,8
637,140,294,8
638,96,676,8
639,202,746,8
640,107,613,8
641,51,137,8
642,17,159,8
643,99,795,8
644,31,328,8
645,372,1226,8
646,27,291,8
694,180,702,8
695,127,799,8
696,119,521,8
697,113,761,8
698,514,637,8
699,404,1249,8
700,342,214,8
701,260,17,8
729,535,691,8
735,108,832,8
736,112,459,8
737,29,584,8
949,1194,1962,8
950,235,540,8
951,38,299,8
952,45,275,8
953,29,289,8
954,116,398,8
955,58,248,8
956,75,290,8
957,3,70,8
958,24,158,8
959,41,189,8
960,163,480,8
961,39,190,8
962,46,102,8
963,55,220,8
964,10,133,8
965,885,926,8
967,215,230,8
968,532,547,8
971,485,185,8
976,909,856,8
992,878,457,8
1028,167,1256,8
1895,3878,1087,8
1896,2685,4812,8
1897,3109,2821,8
1898,3554,6314,8
1899,2353,3130,8
1900,299,1083,8
1901,676,1120,8
1902,1578,3164,8
1903,2983,3439,8
1904,361,675,8
1905,2713,4203,8
1906,1221,2180,8
1907,2098,1493,8
1908,1328,1868,8
1909,2022,1909,8
1910,1374,2236,8
1911,104,1160,8
1912,807,1544,8
1913,97,430,8
1918,1171,2161,8
1921,152,503,8
1922,29,451,8
1923,66,280,8
1924,68,447,8
1925,127,821,8
1926,43,913,8
1927,111,381,8
1928,408,406,8
1929,24,493,8
1947,468,1316,8
1948,276,742,8
1949,442,823,8
1950,445,921,8
1951,604,1204,8
1952,30,115,8
1953,545,1441,8
1954,190,960,8
1955,1377,868,8
1956,511,1575,8
1958,207,975,8
1959,322,570,8
1960,80,389,8
1963,1019,2509,8
1964,104,583,8
1965,503,1165,8
1966,188,1167,8
1967,756,2090,8
1968,547,883,8
1969,78,479,8
1970,69,249,8
1971,931,1040,8
1972,2447,849,8
1973,1142,1912,8
1975,44,632,8
1976,398,1199,8
1977,169,761,8
1978,124,161,8
1986,725,2749,8
1989,160,189,8
2017,1835,303,8
2018,493,2415,8
2019,4717,6096,8
2020,624,2154,8
2021,806,2146,8
2022,854,3073,8
2023,376,526,8
2024,329,614,8
2025,3270,3453,8
2026,2395,4096,8
2027,2741,653,8
2028,1572,148,8
2029,105,14,8
2046,544,360,8
2050,680,191,8
2088,13,99,8
2089,166,704,8
2090,28,288,8
2093,63,214,8
2094,366,1523,8
2095,212,1069,8
2096,402,1458,8
2097,113,214,8
2098,1732,1334,8
2099,130,428,8
2100,200,600,8
2101,152,415,8
2102,332,1274,8
2103,168,810,8
2104,136,796,8
2105,135,558,8
2106,61,276,8
2107,245,305,8
2108,160,461,8
2110,408,545,8
2113,16,247,8
2211,1370,2299,8
2212,1055,564,8
2213,1399,266,8
2214,133,541,8
2230,226,1969,8
2234,478,1898,8
2235,4,224,8
2252,1217,2805,8
2253,591,2579,8
2254,991,1216,8
2423,216,438,8
2424,73,558,8
2425,715,893,8
2426,334,386,8
2427,54,199,8
2428,95,351,8
2435,239,344,8
2436,58,251,8
2437,103,380,8
2438,64,163,8
2439,133,368,8
2440,324,798,8
2441,149,684,8
2442,999,300,8
2443,546,592,8
2444,408,1157,8
2445,811,71,8
2446,635,973,8
2447,162,561,8
2448,752,1156,8
2449,182,730,8
2451,850,1719,8
2452,580,883,8
2453,412,1160,8
2454,90,401,8
2455,162,882,8
2456,1174,272,8
2457,158,899,8
2458,129,403,8
2459,685,1637,8
2460,818,1291,8
2461,701,1344,8
2462,304,1480,8
2463,111,771,8
2464,783,409,8
2465,207,640,8
2466,90,756,8
2469,72,908,8
2475,133,1300,8
2491,1217,1025,8
2492,45,289,8
2493,148,1035,8
2494,710,401,8
2495,151,410,8
2496,687,484,8
2497,190,781,8
2498,306,294,8
2512,250,783,8
2546,2001,479,8
2547,364,2212,8
2548,17,339,8
2549,52,658,8
2550,630,2087,8
2551,574,1062,8
2552,24,263,8
2553,104,1067,8
2554,113,679,8
2555,290,206,8
2556,19,359,8
2557,23,454,8
2580,452,906,8
2581,237,677,8
2616,76,563,8
2617,99,658,8
2618,149,554,8
2619,235,92,8
2620,194,264,8
2621,109,272,8
2630,98,247,8
2631,27,110,8
2635,667,585,8
2636,360,295,8
2638,28,380,8
2639,112,485,8
2640,126,879,8
2641,225,709,8
2642,29,383,8
2643,1045,616,8
2644,134,689,8
2645,45,375,8
2646,30,284,8
2647,83,127,8
2648,47,104,8
2649,113,462,8
2650,143,337,8
2651,152,585,8
2652,83,415,8
0,132,709,1
1,23,647,1
2,288,843,1
3,116,870,1
4,130,1048,1
5,908,531,1
6,118,697,1
7,20,587,1
8,44,594,1
13,625,4018,1
110,164,2210,1
111,267,2259,1
112,268,2522,1
120,302,1300,1
121,536,717,1
122,573,1654,1
123,1393,2528,1
124,567,1111,1
125,393,1442,1
126,635,937,1
127,435,1213,1
128,888,1137,1
129,1017,2205,1
130,2074,1907,1
131,217,411,1
134,236,1193,1
135,203,987,1
143,60,298,1
144,169,740,1
168,192,490,1
169,497,1355,1
170,74,384,1
171,347,886,1
172,546,1013,1
173,299,1075,1
174,540,842,1
175,804,747,1
176,387,555,1
177,1604,2825,1
178,845,1222,1
179,639,1308,1
180,485,763,1
181,708,1786,1
182,1269,3133,1
222,21,332,1
223,64,538,1
224,844,711,1
225,22,418,1
226,54,535,1
227,20,194,1
228,60,486,1
229,18,205,1
230,587,628,1
231,471,674,1
232,771,996,1
233,827,172,1
234,1054,197,1
235,350,51,1
236,526,114,1
237,1347,220,1
238,754,402,1
239,366,1387,1
240,176,122,1
241,798,63,1
242,244,510,1
243,1036,1581,1
244,300,626,1
245,550,22,1
246,267,64,1
247,1593,54,1
248,537,64,1
249,860,1666,1
250,164,304,1
251,739,1375,1
252,320,17,1
253,1170,772,1
254,1652,900,1
255,2091,994,1
256,3374,1629,1
257,2508,1464,1
258,745,78,1
259,704,854,1
260,456,155,1
261,989,14,1
262,1231,1437,1
263,601,1125,1
264,531,1226,1
265,408,496,1
266,433,311,1
267,709,410,1
268,1464,441,1
269,1151,1000,1
270,1369,933,1
271,509,26,1
272,647,1044,1
273,672,23,1
274,839,163,1
275,1597,952,1
276,489,772,1
277,572,992,1
278,713,161,1
279,361,278,1
280,1910,102,1
281,707,115,1
282,1123,135,1
283,823,123,1
284,1087,1030,1
285,974,546,1
286,1332,398,1
287,1557,1367,1
288,1742,256,1
289,1261,977,1
290,938,17,1
291,907,1568,1
292,1369,220,1
293,554,948,1
294,618,1353,1
295,867,36,1
296,488,785,1
297,629,528,1
298,669,1497,1
299,589,1497,1
300,884,300,1
301,979,705,1
302,912,334,1
303,639,36,1
304,949,595,1
305,265,181,1
306,1186,344,1
307,707,162,1
308,1647,129,1
309,817,304,1
310,845,525,1
311,791,261,1
312,414,589,1
313,140,268,1
314,544,1080,1
315,222,296,1
316,335,65,1
317,790,436,1
318,474,442,1
319,608,1222,1
320,775,1289,1
321,565,217,1
622,288,963,1
625,36,611,1
1035,202,1230,1
1039,549,1522,1
1041,210,782,1
1042,510,1723,1
1043,368,845,1
1045,350,1753,1
1060,34,456,1
1062,128,270,1
1063,52,222,1
1066,74,489,1
1068,1324,2888,1
1567,1090,2312,1
1568,665,1725,1
1569,857,553,1
1570,465,194,1
1571,736,2280,1
1572,697,1665,1
1573,835,1725,1
1574,615,1427,1
1575,1543,189,1
1576,277,343,1
1577,1193,787,1
1578,382,908,1
1579,334,1462,1
1580,967,2089,1
1581,1160,639,1
1582,943,688,1
1583,725,1530,1
1584,579,1412,1
1585,694,1289,1
1586,1122,2399,1
1922,29,451,1
1926,43,913,1
1927,111,381,1
1928,408,406,1
1929,24,493,1
1943,61,522,1
1975,44,632,1
1976,398,1199,1
1990,633,1536,1
1991,1218,395,1
1992,317,221,1
1993,884,902,1
1994,255,94,1
1995,1320,436,1
1996,653,521,1
1997,1110,440,1
1998,1612,1388,1
1999,1818,1034,1
2000,830,219,1
2001,629,161,1
2002,1820,612,1
2010,526,627,1
2011,119,372,1
2012,89,451,1
2013,601,1060,1
2014,33,174,1
2015,336,516,1
2016,329,328,1
2040,654,1041,1
2041,868,501,1
2042,528,943,1
2043,32,10,1
2044,414,1213,1
2045,116,308,1
2108,160,461,1
2109,217,769,1
2110,408,545,1
2111,48,325,1
2112,95,244,1
2113,16,247,1
2114,35,369,1
2229,101,1113,1
2230,226,1969,1
2231,55,602,1
2232,80,935,1
2233,131,821,1
2234,478,1898,1
2235,4,224,1
2236,25,337,1
2412,93,620,1
2413,227,783,1
2414,365,1405,1
2415,512,1221,1
2416,99,436,1
2417,532,1073,1
2418,182,370,1
2419,51,145,1
2467,109,946,1
2468,597,1656,1
2469,72,908,1
2470,1271,2709,1
2471,890,1653,1
2475,133,1300,1
2476,819,801,1
2547,364,2212,1
2548,17,339,1
2550,630,2087,1
2551,574,1062,1
2552,24,263,1
2553,104,1067,1
2557,23,454,1
2567,78,737,1
2568,64,845,1
2569,89,906,1
2570,500,156,1
2571,337,395,1
2572,363,967,1
2573,195,1190,1
2574,73,795,1
2575,282,960,1
2576,408,1379,1
2577,168,1092,1
2578,130,565,1
2580,452,906,1
2581,237,677,1
14,293,406,2
15,148,141,2
16,111,120,2
17,31,93,2
18,69,137,2
78,2987,326,2
79,1543,175,2
80,1676,232,2
81,929,1734,2
82,863,1590,2
83,2328,301,2
84,1606,1215,2
85,1509,670,2
86,826,139,2
87,877,1573,2
88,2169,157,2
89,1264,379,2
90,1180,937,2
91,2042,283,2
92,795,98,2
93,2233,2397,2
94,818,913,2
95,675,1300,2
96,3284,1201,2
97,1618,2112,2
98,917,535,2
99,1309,95,2
100,1784,2559,2
101,939,291,2
102,929,47,2
103,1601,153,2
104,992,1727,2
105,1563,570,2
106,736,878,2
107,851,1421,2
108,625,577,2
163,144,350,2
164,291,227,2
165,348,121,2
166,234,161,2
167,243,64,2
322,667,880,2
402,199,53,2
403,171,81,2
404,91,173,2
405,179,130,2
406,150,200,2
633,55,512,2
642,17,159,2
646,27,291,2
728,161,1125,2
729,535,691,2
730,186,1071,2
731,411,308,2
732,138,190,2
733,184,1043,2
734,2649,2488,2
735,108,832,2
736,112,459,2
737,29,584,2
738,88,624,2
749,1601,2345,2
750,695,797,2
751,795,462,2
752,200,558,2
753,115,388,2
754,1099,1009,2
755,98,315,2
756,122,492,2
757,55,392,2
965,885,926,2
966,179,174,2
967,215,230,2
968,532,547,2
969,100,282,2
970,1805,103,2
971,485,185,2
972,656,32,2
973,623,21,2
974,776,804,2
975,583,914,2
976,909,856,2
977,1101,32,2
978,637,44,2
979,2043,502,2
980,1223,183,2
981,759,655,2
982,663,42,2
983,871,63,2
984,989,117,2
985,775,816,2
986,512,125,2
987,1433,1020,2
988,472,606,2
989,1762,49,2
990,450,549,2
991,494,16,2
992,878,457,2
993,257,16,2
994,1531,1394,2
995,1208,722,2
996,290,119,2
997,392,12,2
1023,316,535,2
1024,369,294,2
1025,1452,833,2
1026,191,641,2
1027,109,419,2
1599,740,985,2
1600,1269,298,2
1601,46,196,2
1602,62,473,2
1603,201,418,2
1604,103,261,2
1605,230,764,2
1606,54,374,2
1607,284,1406,2
1608,104,513,2
1609,119,242,2
1610,195,640,2
1611,212,464,2
1836,731,1392,2
1837,580,1696,2
1839,179,422,2
1842,1018,2326,2
1895,3878,1087,2
1896,2685,4812,2
1897,3109,2821,2
1898,3554,6314,2
1899,2353,3130,2
1900,299,1083,2
1901,676,1120,2
1903,2983,3439,2
1904,361,675,2
1905,2713,4203,2
1906,1221,2180,2
1907,2098,1493,2
1908,1328,1868,2
1909,2022,1909,2
1947,468,1316,2
1951,604,1204,2
1953,545,1441,2
1955,1377,868,2
1980,177,808,2
1981,777,1495,2
1982,308,916,2
1983,65,425,2
1984,674,1558,2
1985,270,407,2
1986,725,2749,2
1987,461,1308,2
1988,941,2152,2
1989,160,189,2
2046,544,360,2
2047,713,344,2
2048,511,353,2
2049,409,535,2
2050,680,191,2
2063,105,476,2
2064,67,600,2
2065,1046,730,2
2066,47,262,2
2067,46,207,2
2069,279,546,2
2073,422,761,2
2078,48,307,2
2079,519,146,2
2082,749,2066,2
2083,1000,248,2
2084,1171,1197,2
2085,1080,1080,2
2086,21,107,2
2087,331,400,2
2088,13,99,2
2089,166,704,2
2090,28,288,2
2091,82,385,2
2092,40,213,2
2093,63,214,2
2097,113,214,2
2106,61,276,2
2107,245,305,2
2129,3286,664,2
2130,2692,2837,2
2131,2605,3024,2
2132,3537,864,2
2133,1865,1670,2
2134,1785,2190,2
2135,3465,212,2
2136,2227,122,2
2137,1841,2640,2
2138,3896,553,2
2139,2589,188,2
2140,1000,1118,2
2141,722,1453,2
2142,2567,227,2
2143,1014,382,2
2144,1183,1320,2
2145,1434,2146,2
2146,668,238,2
2147,1365,641,2
2148,1129,994,2
2149,2228,716,2
2150,908,1346,2
2151,1676,3243,2
2152,3124,230,2
2153,723,1031,2
2210,600,1408,2
2211,1370,2299,2
2212,1055,564,2
2213,1399,266,2
2214,133,541,2
2215,284,743,2
2216,1079,681,2
2252,1217,2805,2
2258,467,565,2
2259,30,39,2
2261,80,90,2
2262,833,690,2
2263,125,63,2
2264,77,179,2
2265,331,358,2
2266,225,11,2
2351,462,1800,2
2364,257,492,2
2365,155,619,2
2366,215,659,2
2367,97,752,2
2368,530,89,2
2388,501,345,2
2389,78,81,2
2390,478,292,2
2391,125,83,2
2392,87,268,2
2393,1357,368,2
2394,1437,296,2
2395,577,862,2
2396,216,227,2
2397,416,770,2
2398,975,1091,2
2399,219,465,2
2400,41,260,2
2401,614,728,2
2402,379,397,2
2403,144,200,2
2404,217,158,2
2405,289,272,2
2406,488,330,2
2407,203,120,2
2408,256,189,2
2409,517,123,2
2420,252,1364,2
2421,580,935,2
2422,555,119,2
2429,310,637,2
2430,114,206,2
2431,1434,439,2
2432,281,315,2
2433,91,118,2
2434,146,289,2
2435,239,344,2
2438,64,163,2
2439,133,368,2
2440,324,798,2
2441,149,684,2
2442,999,300,2
2443,546,592,2
2444,408,1157,2
2445,811,71,2
2446,635,973,2
2448,752,1156,2
2449,182,730,2
2450,1211,263,2
2451,850,1719,2
2452,580,883,2
2453,412,1160,2
2491,1217,1025,2
2492,45,289,2
2496,687,484,2
2497,190,781,2
2510,1280,4717,2
2511,2405,3064,2
2512,250,783,2
2513,266,44,2
2579,639,748,2
2616,76,563,2
2620,194,264,2
2644,134,689,2
2647,83,127,2
2648,47,104,2
2650,143,337,2
2651,152,585,2
2652,83,415,2
19,331,153,12
20,1159,1581,12
21,547,134,12
22,583,179,12
23,604,731,12
24,320,784,12
25,711,212,12
26,275,426,12
27,520,140,12
28,1421,400,12
29,810,1891,12
30,831,1366,12
31,859,793,12
32,169,113,12
109,1311,4328,12
120,302,1300,12
124,567,1111,12
125,393,1442,12
130,2074,1907,12
131,217,411,12
132,398,1129,12
133,1725,992,12
134,236,1193,12
135,203,987,12
136,309,839,12
137,150,385,12
138,575,1079,12
139,1705,2559,12
140,565,1880,12
141,1988,1737,12
142,112,630,12
143,60,298,12
144,169,740,12
145,757,1620,12
146,1007,1281,12
147,105,105,12
148,181,122,12
149,242,232,12
150,315,378,12
151,237,165,12
152,271,412,12
153,189,116,12
154,257,392,12
155,81,116,12
156,503,1086,12
157,141,119,12
158,143,173,12
159,1296,482,12
160,113,158,12
161,128,63,12
182,1269,3133,12
239,366,1387,12
257,2508,1464,12
268,1464,441,12
269,1151,1000,12
285,974,546,12
647,570,1232,12
648,464,963,12
649,573,1483,12
650,739,935,12
651,736,1543,12
652,578,1304,12
653,478,937,12
655,295,1782,12
656,532,832,12
657,1269,2324,12
658,570,1068,12
659,1423,1021,12
660,471,737,12
661,565,1186,12
662,321,507,12
663,618,1018,12
664,1149,1064,12
665,1148,1834,12
666,540,827,12
667,677,1109,12
668,159,623,12
669,378,1007,12
670,238,808,12
671,793,1871,12
672,605,1003,12
673,1116,1721,12
674,499,1138,12
675,570,1268,12
676,88,531,12
677,649,984,12
678,284,268,12
679,346,855,12
680,1051,607,12
681,1692,1433,12
682,277,947,12
683,528,767,12
684,460,1405,12
685,559,1003,12
686,596,796,12
687,1163,782,12
688,275,726,12
689,380,998,12
690,378,683,12
691,512,825,12
692,654,1012,12
693,1171,1526,12
1029,445,1551,12
1030,414,722,12
1031,596,1933,12
1032,970,1707,12
1033,334,1109,12
1034,184,840,12
1035,202,1230,12
1036,317,1168,12
1037,608,1606,12
1038,931,2418,12
1039,549,1522,12
1040,419,847,12
1041,210,782,12
1042,510,1723,12
1043,368,845,12
1044,313,1602,12
1045,350,1753,12
1057,1786,2790,12
1058,400,730,12
1059,29,549,12
1060,34,456,12
1061,86,287,12
1062,128,270,12
1063,52,222,12
1064,77,294,12
1065,101,399,12
1066,74,489,12
1067,117,65,12
1068,1324,2888,12
1563,38,554,12
1564,11,109,12
1565,48,298,12
1566,58,442,12
1614,125,140,12
1616,1421,4689,12
1811,192,93,12
1812,470,146,12
1813,88,130,12
1814,381,96,12
1815,382,408,12
1816,197,37,12
1817,84,26,12
1818,561,115,12
1819,315,48,12
1820,315,60,12
1918,1171,2161,12
1920,279,1064,12
1930,1534,1078,12
1931,1028,882,12
1932,854,371,12
1933,169,184,12
1934,117,188,12
1935,172,280,12
1936,137,322,12
1937,50,232,12
1938,369,292,12
1939,245,488,12
1940,114,591,12
1941,162,548,12
1942,376,242,12
1943,61,522,12
1944,53,617,12
1945,952,1251,12
1946,156,460,12
1948,276,742,12
1950,445,921,12
1954,190,960,12
1965,503,1165,12
1967,756,2090,12
1968,547,883,12
1971,931,1040,12
1972,2447,849,12
1973,1142,1912,12
1974,329,397,12
1975,44,632,12
1976,398,1199,12
1977,169,761,12
1978,124,161,12
1979,244,926,12
2004,310,430,12
2006,262,859,12
2009,128,232,12
2031,257,590,12
2032,327,1058,12
2033,718,1442,12
2034,176,766,12
2035,895,171,12
2036,583,157,12
2037,813,511,12
2038,138,1025,12
2039,261,449,12
2114,35,369,12
2115,628,1543,12
2116,395,1412,12
2118,94,502,12
2121,137,553,12
2253,591,2579,12
2254,991,1216,12
2255,1148,1181,12
2256,160,843,12
2257,558,2472,12
2267,1790,727,12
2268,2736,801,12
2269,1192,241,12
2270,1647,1189,12
2271,808,567,12
2272,384,125,12
2273,1181,1038,12
2274,752,26,12
2275,697,578,12
2276,724,313,12
2277,1681,867,12
2278,336,202,12
2279,2061,363,12
2280,483,160,12
2281,832,843,12
2282,858,506,12
2283,355,294,12
2284,749,34,12
2285,511,34,12
2286,1540,109,12
2287,1495,189,12
2288,761,1154,12
2289,2917,264,12
2290,1508,755,12
2291,92,276,12
2292,287,40,12
2293,729,1344,12
2294,359,779,12
2295,732,928,12
2296,2135,307,12
2297,515,98,12
2298,1248,197,12
2299,710,1087,12
2300,530,852,12
2301,472,702,12
2302,1861,269,12
2303,1221,151,12
2304,77,32,12
2305,146,108,12
2306,2130,205,12
2307,698,232,12
2308,2296,249,12
2309,1424,94,12
2310,487,147,12
2311,563,510,12
2312,1030,142,12
2313,704,184,12
2314,972,1451,12
2315,211,194,12
2316,420,590,12
2317,909,336,12
2318,900,1001,12
2319,1693,523,12
2320,470,135,12
2321,114,248,12
2322,526,11,12
2323,385,56,12
2324,73,161,12
2325,823,149,12
2326,135,173,12
2327,1145,80,12
2328,329,495,12
2329,162,69,12
2330,112,158,12
2331,379,166,12
2332,235,152,12
2333,101,276,12
2334,586,45,12
2352,253,506,12
2353,84,209,12
2354,286,327,12
2355,373,433,12
2356,146,479,12
2357,519,264,12
2358,402,386,12
2359,86,293,12
2360,128,228,12
2361,102,606,12
2362,154,128,12
2363,128,57,12
2410,114,71,12
2411,447,289,12
2416,99,436,12
2468,597,1656,12
2471,890,1653,12
2475,133,1300,12
2494,710,401,12
2495,151,410,12
2497,190,781,12
2558,1469,1166,12
2559,1024,726,12
2560,2486,1942,12
2561,111,312,12
2562,254,354,12
2563,246,327,12
2564,252,494,12
2565,149,281,12
2566,208,227,12
2622,216,710,12
2624,132,328,12
2629,233,317,12
2630,98,247,12
2631,27,110,12
2632,31,125,12
2633,534,121,12
2634,89,549,12
2635,667,585,12
2636,360,295,12
2637,36,315,12
33,53,432,9
34,42,468,9
35,100,901,9
36,108,957,9
37,166,1107,9
38,113,1121,9
39,103,528,9
40,33,387,9
41,53,438,9
42,80,538,9
43,20,258,9
44,32,394,9
45,29,266,9
46,2467,4395,9
47,2036,3664,9
48,1114,3784,9
49,943,3098,9
50,560,1728,9
51,1743,4198,9
52,966,4033,9
53,624,1904,9
162,3274,8406,9
378,2334,327,9
379,1654,665,9
380,1864,460,9
381,1422,157,9
382,1427,430,9
383,1202,714,9
384,1464,811,9
385,1453,1211,9
386,1760,921,9
387,1538,600,9
388,1972,735,9
389,1842,430,9
390,1805,675,9
391,1543,601,9
392,967,319,9
393,1397,773,9
394,1689,807,9
395,1098,431,9
396,1309,178,9
397,1344,665,9
398,979,311,9
399,1374,782,9
400,1244,561,9
401,1367,882,9
654,99,720,9
655,295,1782,9
657,1269,2324,9
671,793,1871,9
676,88,531,9
678,284,268,9
682,277,947,9
748,1133,5561,9
1046,122,347,9
1047,154,604,9
1048,83,271,9
1049,55,247,9
1050,77,243,9
1051,1263,1326,9
1052,55,371,9
1053,248,962,9
1054,441,756,9
1055,237,630,9
1056,144,469,9
1144,889,4154,9
1146,1082,3981,9
1162,325,1750,9
1163,282,1130,9
1164,382,1199,9
1165,193,1570,9
1166,173,1563,9
1167,110,805,9
1168,128,1052,9
1612,673,614,9
1613,1501,1287,9
1614,125,140,9
1615,368,338,9
1616,1421,4689,9
1624,3025,2229,9
1633,1533,1919,9
1661,3086,1710,9
1675,3216,1332,9
1704,1425,839,9
1709,2008,648,9
1722,1560,2641,9
1725,2054,3387,9
1726,2139,2277,9
1730,2998,1179,9
1744,3370,747,9
1753,1069,1160,9
1773,522,3098,9
1774,858,3267,9
1775,111,403,9
1776,1177,5752,9
1778,455,2588,9
1779,190,523,9
1780,259,1924,9
1782,753,952,9
1783,600,1870,9
1784,761,2369,9
1785,799,3391,9
1786,1264,1217,9
1788,281,2428,9
1789,598,2273,9
1791,353,2067,9
1793,1400,269,9
1794,1688,1787,9
1795,1834,5056,9
1798,1018,1691,9
1801,1178,2695,9
1802,690,2514,9
1803,1287,2913,9
1804,572,2419,9
1806,362,547,9
1807,407,2602,9
1809,130,755,9
1810,549,2054,9
1814,381,96,9
1816,197,37,9
1845,345,499,9
1846,1451,3258,9
1847,272,1118,9
1848,453,1912,9
1849,180,816,9
1850,187,1059,9
1851,269,802,9
1872,423,2112,9
1874,3274,1504,9
1883,784,1855,9
1887,926,2666,9
1888,1263,1471,9
1914,1266,4181,9
1915,1664,6920,9
1916,2429,9157,9
1917,2283,9239,9
1918,1171,2161,9
1919,311,2597,9
1920,279,1064,9
1948,276,742,9
1950,445,921,9
1952,30,115,9
1958,207,975,9
2003,130,303,9
2004,310,430,9
2005,72,340,9
2006,262,859,9
2007,185,785,9
2008,348,230,9
2009,128,232,9
2030,3126,12163,9
2034,176,766,9
2038,138,1025,9
2051,34,445,9
2052,178,1060,9
2053,702,1664,9
2054,168,1001,9
2055,292,1135,9
2056,990,1950,9
2057,364,716,9
2058,130,273,9
2059,354,1784,9
2060,57,403,9
2061,115,704,9
2062,27,191,9
2095,212,1069,9
2100,200,600,9
2101,152,415,9
2103,168,810,9
2115,628,1543,9
2116,395,1412,9
2117,1205,936,9
2118,94,502,9
2119,421,1682,9
2120,475,1602,9
2121,137,553,9
2154,145,1066,9
2157,586,1204,9
2161,943,2244,9
2164,1105,1297,9
2165,676,1845,9
2166,340,1560,9
2171,109,494,9
2176,1211,2217,9
2177,282,772,9
2178,666,2309,9
2179,280,874,9
2180,517,1086,9
2181,1303,1854,9
2182,1338,2268,9
2183,557,1299,9
2184,857,1217,9
2185,174,421,9
2186,483,1177,9
2187,494,1101,9
2188,980,2291,9
2189,746,1835,9
2190,710,1467,9
2254,991,1216,9
2257,558,2472,9
2346,1099,1600,9
2376,238,1252,9
2382,206,1106,9
2387,2385,9368,9
2410,114,71,9
2411,447,289,9
2525,499,2348,9
2526,738,2969,9
2527,928,2347,9
2528,498,2064,9
2529,1512,1311,9
2530,155,1412,9
2531,993,2559,9
2532,922,1388,9
2533,755,1779,9
2534,295,1629,9
2535,763,3113,9
2536,132,874,9
2537,107,816,9
2538,131,896,9
2539,313,1276,9
2540,239,1425,9
2541,1382,1633,9
2542,703,2564,9
2543,830,1797,9
2544,182,1026,9
2545,605,2616,9
2558,1469,1166,9
2582,181,1464,9
2591,253,1977,9
2622,216,710,9
2623,260,431,9
2624,132,328,9
2625,255,498,9
2626,677,389,9
2627,136,275,9
2628,484,192,9
38,113,1121,14
39,103,528,14
42,80,538,14
54,113,897,14
57,206,1861,14
59,305,1550,14
60,908,3819,14
65,189,1369,14
211,393,1852,14
212,701,1989,14
213,1327,4080,14
214,582,2433,14
215,329,1532,14
216,902,2958,14
217,208,1088,14
218,485,1654,14
219,658,2439,14
220,351,1641,14
221,996,3501,14
323,62,131,14
324,368,2007,14
325,51,305,14
326,70,225,14
327,109,551,14
328,845,2643,14
329,46,412,14
330,114,598,14
331,108,537,14
332,37,348,14
333,10,94,14
334,15,100,14
335,19,113,14
344,489,2549,14
349,69,454,14
351,790,2864,14
353,332,2237,14
372,64,616,14
739,108,1216,14
740,191,629,14
741,283,946,14
742,300,1599,14
743,198,729,14
744,121,533,14
745,60,414,14
746,849,6203,14
747,504,1634,14
748,1133,5561,14
1069,169,784,14
1070,138,524,14
1071,267,1265,14
1072,299,1824,14
1073,471,2004,14
1074,181,791,14
1075,124,711,14
1076,212,1168,14
1077,169,726,14
1078,59,211,14
1079,150,711,14
1080,332,1450,14
1117,795,2964,14
1118,883,1035,14
1119,87,541,14
1120,140,721,14
1121,216,977,14
1122,83,631,14
1123,638,204,14
1124,1476,1704,14
1125,450,1029,14
1126,1037,1088,14
1127,242,883,14
1128,107,436,14
1129,562,1823,14
1130,1282,1303,14
1131,402,1511,14
1132,146,405,14
1133,397,2138,14
1134,679,1764,14
1135,1118,1426,14
1136,120,971,14
1137,155,791,14
1138,565,1801,14
1139,223,1543,14
1140,55,280,14
1141,150,1154,14
1145,1741,5939,14
1146,1082,3981,14
1550,205,917,14
1551,136,715,14
1552,119,726,14
1553,504,1763,14
1554,392,1748,14
1555,170,1055,14
1556,221,937,14
1557,227,1013,14
1558,138,811,14
1559,164,1036,14
1560,270,1102,14
1561,171,556,14
1562,215,1050,14
1587,203,1097,14
1588,769,3227,14
1589,497,3246,14
1590,197,1118,14
1591,93,403,14
1592,1702,4233,14
1593,116,790,14
1594,332,1703,14
1595,116,891,14
1596,127,838,14
1597,148,1215,14
1598,84,644,14
1773,522,3098,14
1774,858,3267,14
1776,1177,5752,14
1777,250,1006,14
1778,455,2588,14
1779,190,523,14
1780,259,1924,14
1785,799,3391,14
1788,281,2428,14
1789,598,2273,14
1791,353,2067,14
1807,407,2602,14
2030,3126,12163,14
2122,341,1677,14
2123,238,1453,14
2124,473,2068,14
2125,164,1358,14
2126,702,3403,14
2127,227,1757,14
2128,157,1227,14
2204,905,4036,14
2217,59,491,14
2218,224,1654,14
2219,151,866,14
2220,337,1240,14
2221,241,1259,14
2222,583,2061,14
2223,101,755,14
2224,238,1499,14
2225,474,1586,14
2226,131,1086,14
2227,231,1136,14
2228,38,442,14
2245,989,3178,14
2246,187,966,14
2247,294,1584,14
2248,306,1901,14
2249,1331,2783,14
2250,386,1926,14
2251,165,1251,14
2260,1984,7474,14
2387,2385,9368,14
2472,550,1923,14
2473,477,2299,14
2474,523,2162,14
2499,268,1575,14
2500,276,1342,14
2501,93,381,14
2502,368,1488,14
2503,355,1518,14
2504,260,950,14
2505,199,908,14
2506,267,1400,14
2507,277,1429,14
2508,258,962,14
2509,180,698,14
2514,700,3831,14
2515,996,3442,14
2516,172,1385,14
2517,832,3325,14
2518,943,2710,14
2519,418,1449,14
2520,178,714,14
2521,846,4089,14
2522,199,751,14
2523,164,885,14
2524,321,593,14
2582,181,1464,14
2583,365,866,14
2584,112,307,14
2585,544,2549,14
2586,359,1412,14
2587,69,245,14
2588,89,559,14
2589,169,948,14
2590,158,743,14
2591,253,1977,14
2592,112,1152,14
2593,343,618,14
2594,838,2919,14
2595,618,693,14
2596,132,900,14
2597,689,651,14
2598,678,1451,14
2599,911,2376,14
2600,782,346,14
2601,559,974,14
2602,440,1493,14
2603,395,983,14
2604,616,1004,14
2605,546,2072,14
2606,698,1542,14
2607,710,1169,14
2608,177,844,14
2609,240,980,14
2610,565,259,14
2611,76,430,14
2612,278,1430,14
2613,104,683,14
2614,164,1061,14
2615,111,758,14
46,2467,4395,7
49,943,3098,7
52,966,4033,7
53,624,1904,7
769,1521,609,7
776,1398,473,7
789,913,377,7
791,719,391,7
806,2068,394,7
837,917,434,7
851,910,516,7
898,1043,1067,7
924,1750,987,7
927,652,532,7
938,851,345,7
1142,3167,3539,7
1148,3233,4599,7
1151,1949,4633,7
1153,1850,6123,7
1154,2379,3306,7
1161,1169,1811,7
1249,1807,2038,7
1251,907,1328,7
1275,1094,967,7
1345,1186,1420,7
1368,664,376,7
1397,1314,1364,7
1453,76,156,7
1474,768,1067,7
1490,2238,1197,7
1518,1794,1362,7
1617,1058,1192,7
1618,2372,965,7
1619,1647,1533,7
1620,1694,489,7
1621,1065,452,7
1622,1922,383,7
1623,1658,1355,7
1624,3025,2229,7
1625,1854,2087,7
1626,2766,474,7
1627,2428,1056,7
1628,665,420,7
1629,2301,1479,7
1630,1033,529,7
1631,1167,894,7
1632,1231,502,7
1633,1533,1919,7
1634,2872,868,7
1635,1793,1836,7
1636,1312,1145,7
1637,1313,941,7
1638,2101,621,7
1639,1676,1233,7
1644,2077,681,7
1645,2190,1682,7
1647,1065,437,7
1648,1389,1598,7
1649,1092,682,7
1650,2690,892,7
1651,1054,467,7
1652,1627,2150,7
1653,1514,551,7
1654,955,528,7
1655,1238,1373,7
1656,1980,1485,7
1657,1147,1531,7
1658,1622,1101,7
1660,1818,1725,7
1661,3086,1710,7
1662,1325,877,7
1663,935,327,7
1664,1439,1796,7
1665,2782,2405,7
1667,1461,480,7
1668,1692,1429,7
1669,950,1265,7
1670,889,741,7
1671,1203,1876,7
1672,2639,1408,7
1673,2201,1258,7
1674,1976,1391,7
1675,3216,1332,7
1677,589,521,7
1680,1023,342,7
1681,1711,1069,7
1683,860,793,7
1684,887,680,7
1685,1606,1123,7
1686,1447,532,7
1687,768,447,7
1688,1076,421,7
1689,994,609,7
1690,1154,434,7
1691,1595,2225,7
1693,531,639,7
1694,1562,2851,7
1695,1541,1832,7
1696,2112,1754,7
1697,1146,1137,7
1698,2609,1217,7
1699,1143,850,7
1700,2161,1171,7
1701,1986,1825,7
1702,734,671,7
1704,1425,839,7
1705,1200,265,7
1706,1116,318,7
1708,1041,1228,7
1710,2353,1003,7
1711,1719,766,7
1712,652,626,7
1713,1138,970,7
1715,1418,751,7
1716,1283,362,7
1717,1948,514,7
1718,2076,1204,7
1719,963,984,7
1721,1393,371,7
1722,1560,2641,7
1724,1622,1883,7
1725,2054,3387,7
1726,2139,2277,7
1727,891,1316,7
1728,1368,774,7
1729,1457,563,7
1730,2998,1179,7
1731,1275,1169,7
1732,831,1128,7
1733,1257,802,7
1734,2190,1859,7
1735,1379,1568,7
1736,957,1391,7
1738,891,1570,7
1739,1442,1566,7
1740,1922,1481,7
1743,680,549,7
1745,3651,1114,7
1746,1041,1062,7
1747,2589,1008,7
1748,1550,1375,7
1749,1017,277,7
1750,982,1174,7
1751,1521,516,7
1752,873,564,7
1753,1069,1160,7
1754,1758,1911,7
1756,1697,1166,7
1757,898,1089,7
1758,1509,1130,7
1759,1301,654,7
1761,972,649,7
1762,1327,1139,7
1763,939,192,7
1764,722,873,7
1765,2110,1326,7
1766,1014,1383,7
1767,1033,877,7
1768,1435,2326,7
1769,767,789,7
1770,561,321,7
1771,1443,1478,7
1790,1025,3154,7
1795,1834,5056,7
1800,585,1825,7
1804,572,2419,7
1917,2283,9239,7
2526,738,2969,7
2531,993,2559,7
52,966,4033,11
54,113,897,11
55,1314,2422,11
56,568,2312,11
57,206,1861,11
58,414,1582,11
59,305,1550,11
60,908,3819,11
61,275,1648,11
62,696,1997,11
63,1776,4030,11
64,297,961,11
65,189,1369,11
66,1527,2810,11
67,921,3228,11
68,711,2070,11
69,1019,2259,11
70,853,2859,11
336,1663,4326,11
337,1009,2049,11
338,324,1696,11
339,1894,3814,11
340,1599,3429,11
341,1996,3870,11
342,863,3167,11
343,1607,2313,11
344,489,2549,11
345,579,1579,11
346,2310,3584,11
347,2179,3295,11
348,981,2158,11
349,69,454,11
350,1268,2380,11
351,790,2864,11
352,836,1488,11
353,332,2237,11
354,513,1021,11
355,1016,3596,11
356,2124,2954,11
357,943,1512,11
358,889,3016,11
359,580,2302,11
360,524,1709,11
361,958,2674,11
362,1816,2262,11
363,1316,1723,11
364,708,1787,11
365,1813,4012,11
366,599,1677,11
367,438,2308,11
368,613,1756,11
369,1123,2996,11
370,1099,2796,11
371,770,1847,11
372,64,616,11
373,735,1799,11
374,1078,1553,11
375,712,2693,11
376,653,1755,11
377,922,1971,11
482,1682,1941,11
496,2249,1183,11
528,843,969,11
529,1180,1446,11
530,966,1111,11
547,743,1983,11
555,690,853,11
557,1859,1605,11
558,1289,1680,11
594,807,857,11
602,1984,1319,11
607,871,768,11
746,849,6203,11
748,1133,5561,11
1117,795,2964,11
1120,140,721,11
1133,397,2138,11
1136,120,971,11
1142,3167,3539,11
1143,1499,4801,11
1144,889,4154,11
1145,1741,5939,11
1146,1082,3981,11
1147,2297,4434,11
1148,3233,4599,11
1149,3871,5095,11
1150,1577,4346,11
1151,1949,4633,11
1152,1332,2989,11
1153,1850,6123,11
1154,2379,3306,11
1155,3281,5441,11
1156,1648,2227,11
1157,1270,3520,11
1158,3008,6399,11
1159,1820,1404,11
1160,3141,6381,11
1161,1169,1811,11
1180,406,201,11
1183,679,1397,11
1191,1641,2229,11
1209,491,802,11
1250,189,180,11
1265,939,446,11
1277,1927,1857,11
1300,1869,1794,11
1311,1306,897,11
1347,1078,1236,11
1368,664,376,11
1371,568,960,11
1435,1431,774,11
1437,453,238,11
1463,476,841,11
1475,1522,1070,11
1489,206,346,11
1519,777,445,11
1523,235,411,11
1534,596,361,11
1587,203,1097,11
1589,497,3246,11
1590,197,1118,11
1597,148,1215,11
1625,1854,2087,11
1639,1676,1233,11
1652,1627,2150,11
1664,1439,1796,11
1671,1203,1876,11
1691,1595,2225,11
1694,1562,2851,11
1725,2054,3387,11
1766,1014,1383,11
1781,693,1732,11
1782,753,952,11
1783,600,1870,11
1784,761,2369,11
1786,1264,1217,11
1787,842,1957,11
1789,598,2273,11
1790,1025,3154,11
1792,900,2390,11
1793,1400,269,11
1794,1688,1787,11
1795,1834,5056,11
1796,987,1219,11
1797,720,2300,11
1798,1018,1691,11
1799,690,978,11
1800,585,1825,11
1801,1178,2695,11
1803,1287,2913,11
1804,572,2419,11
1805,801,2424,11
1806,362,547,11
1808,1005,2398,11
1809,130,755,11
1810,549,2054,11
1915,1664,6920,11
1916,2429,9157,11
1917,2283,9239,11
2204,905,4036,11
2206,891,2206,11
2218,224,1654,11
2219,151,866,11
2222,583,2061,11
2223,101,755,11
2250,386,1926,11
57,206,1861,3
58,414,1582,3
64,297,961,3
162,3274,8406,3
183,337,638,3
184,1035,1327,3
185,596,667,3
186,309,1401,3
187,765,2053,3
188,204,1239,3
189,1066,1585,3
190,774,1527,3
191,163,1188,3
192,68,787,3
193,739,994,3
194,293,1452,3
195,782,2151,3
196,334,1865,3
197,254,847,3
198,417,1490,3
199,493,1483,3
200,1429,802,3
201,437,1216,3
202,227,738,3
203,2140,2067,3
204,407,708,3
205,617,2095,3
206,188,886,3
207,188,1168,3
208,506,2154,3
209,440,590,3
210,1030,2358,3
477,1735,2588,3
480,1636,1053,3
485,1439,867,3
487,2592,987,3
523,1227,2305,3
527,1179,2283,3
536,2596,1030,3
547,743,1983,3
560,877,1630,3
595,866,1664,3
702,1225,2282,3
703,494,1849,3
704,6428,8479,3
705,327,1038,3
706,904,2945,3
707,524,1219,3
708,322,1465,3
709,263,1276,3
710,602,1119,3
711,1559,868,3
712,1183,3423,3
713,769,949,3
714,1025,3258,3
715,795,1227,3
716,516,1644,3
717,394,1524,3
718,713,2795,3
719,764,2807,3
720,420,1768,3
721,478,1028,3
722,951,2423,3
723,119,513,3
724,1317,846,3
725,343,189,3
726,1086,2379,3
727,689,2188,3
729,535,691,3
1001,1051,2838,3
1004,2571,1969,3
1005,743,529,3
1006,754,2282,3
1014,2960,497,3
1016,1699,279,3
1020,1197,1131,3
1081,970,1519,3
1082,554,967,3
1085,343,1793,3
1086,488,886,3
1088,417,634,3
1089,1105,1677,3
1095,653,1885,3
1096,1007,1620,3
1097,824,1528,3
1098,471,775,3
1099,1731,1991,3
1100,489,1021,3
1105,2252,1338,3
1106,412,640,3
1109,1068,2320,3
1111,387,1114,3
1113,621,879,3
1114,997,1899,3
1116,280,496,3
1216,1393,411,3
1374,159,16,3
1407,90,240,3
1419,345,321,3
1821,62,637,3
1822,760,3798,3
1823,183,1452,3
1824,36,500,3
1825,38,434,3
1826,300,1715,3
1827,90,1050,3
1828,168,1104,3
1829,12,209,3
1830,79,708,3
1831,18,231,3
1832,46,493,3
1833,210,1082,3
1834,458,1556,3
1835,149,704,3
1836,731,1392,3
1837,580,1696,3
1838,718,1342,3
1839,179,422,3
1840,283,798,3
1841,255,429,3
1842,1018,2326,3
1843,452,730,3
1844,424,1842,3
1852,331,1139,3
1853,186,1122,3
1854,82,852,3
1855,105,375,3
1856,83,644,3
1857,37,384,3
1957,527,2368,3
1958,207,975,3
1959,322,570,3
1960,80,389,3
1961,466,1546,3
1962,1013,482,3
2068,75,217,3
2069,279,546,3
2070,667,676,3
2071,409,492,3
2072,687,1186,3
2073,422,761,3
2074,377,723,3
2075,68,311,3
2076,173,357,3
2077,459,513,3
2078,48,307,3
2079,519,146,3
2080,11,151,3
2081,93,138,3
2095,212,1069,3
2097,113,214,3
2098,1732,1334,3
2099,130,428,3
2102,332,1274,3
2106,61,276,3
2130,2692,2837,3
2131,2605,3024,3
2133,1865,1670,3
2134,1785,2190,3
2137,1841,2640,3
2140,1000,1118,3
2141,722,1453,3
2144,1183,1320,3
2145,1434,2146,3
2150,908,1346,3
2151,1676,3243,3
2153,723,1031,3
2191,1636,2760,3
2192,1223,1852,3
2193,787,3626,3
2194,745,1242,3
2195,691,2210,3
2196,2658,5856,3
2197,3000,4233,3
2198,2965,2889,3
2199,1957,3116,3
2200,1478,2588,3
2201,1843,1516,3
2202,2226,1281,3
2203,1958,5133,3
2204,905,4036,3
2205,651,1526,3
2206,891,2206,3
2207,1464,2537,3
2208,397,1449,3
2209,2229,4469,3
2237,103,907,3
2238,355,1268,3
2239,104,771,3
2240,246,881,3
2241,181,980,3
2242,243,1799,3
2243,160,1244,3
2244,113,1277,3
2245,989,3178,3
2246,187,966,3
2247,294,1584,3
2248,306,1901,3
2249,1331,2783,3
2250,386,1926,3
2251,165,1251,3
2372,615,1195,3
2376,238,1252,3
2378,537,910,3
2380,279,1306,3
2385,362,939,3
2403,144,200,3
2405,289,272,3
2406,488,330,3
2407,203,120,3
2408,256,189,3
2421,580,935,3
2477,443,1958,3
2478,1153,94,3
2479,626,1772,3
2480,857,1817,3
2481,707,1997,3
2482,831,449,3
2483,605,511,3
2484,1709,1025,3
2485,791,1042,3
2486,1423,645,3
2487,886,1195,3
2488,357,991,3
2489,629,2132,3
2490,561,2515,3
2510,1280,4717,3
2511,2405,3064,3
2512,250,783,3
2513,266,44,3
58,414,1582,10
62,696,1997,10
343,1607,2313,10
347,2179,3295,10
356,2124,2954,10
362,1816,2262,10
363,1316,1723,10
423,885,78,10
429,1332,76,10
477,1735,2588,10
478,2208,925,10
480,1636,1053,10
481,1377,101,10
482,1682,1941,10
483,1461,359,10
484,1806,463,10
485,1439,867,10
486,1062,1408,10
487,2592,987,10
488,2611,694,10
489,1166,750,10
490,1005,2187,10
491,2791,849,10
492,2183,759,10
494,864,1022,10
495,764,478,10
496,2249,1183,10
497,747,827,10
499,876,750,10
500,1796,611,10
501,991,1593,10
502,1931,554,10
505,1043,366,10
506,864,796,10
507,1240,385,10
508,1479,589,10
509,2860,986,10
510,1283,970,10
511,1963,1632,10
512,1127,1127,10
514,1624,706,10
515,1247,890,10
516,2812,989,10
517,2962,1441,10
518,2683,638,10
520,1735,1455,10
521,2274,868,10
522,1970,929,10
523,1227,2305,10
524,546,1023,10
525,1119,241,10
526,2815,1853,10
527,1179,2283,10
528,843,969,10
529,1180,1446,10
530,966,1111,10
531,2509,1936,10
532,1287,1213,10
533,1859,1249,10
534,3785,1367,10
535,2942,769,10
536,2596,1030,10
537,1379,1329,10
539,568,1080,10
540,2816,244,10
542,2706,781,10
543,2037,1919,10
544,1259,1711,10
545,1416,534,10
546,1825,856,10
547,743,1983,10
548,997,119,10
549,2498,1045,10
550,1921,1145,10
552,1891,1130,10
553,2551,956,10
554,1645,1599,10
556,2325,895,10
557,1859,1605,10
559,1216,2014,10
560,877,1630,10
561,609,810,10
562,1721,722,10
563,1113,908,10
564,2467,1349,10
565,1601,1698,10
569,2808,1706,10
570,2006,811,10
572,859,1750,10
573,1972,731,10
574,1598,700,10
575,831,683,10
576,2477,1030,10
577,1396,1251,10
578,3817,705,10
579,1077,782,10
580,710,549,10
581,2236,1002,10
582,1152,641,10
583,2673,629,10
585,950,1294,10
586,943,1119,10
589,1835,1217,10
590,1385,1071,10
591,1350,1296,10
592,1517,444,10
593,2665,1554,10
595,866,1664,10
600,1980,1142,10
602,1984,1319,10
606,816,1665,10
607,871,768,10
609,755,943,10
611,794,1313,10
612,1229,1231,10
613,732,1287,10
616,859,1138,10
617,1184,374,10
619,1429,1765,10
620,567,767,10
621,1041,1779,10
998,3331,674,10
999,802,1008,10
1002,1143,729,10
1003,1107,749,10
1005,743,529,10
1007,1336,579,10
1008,2347,770,10
1010,749,751,10
1011,1466,1040,10
1012,2249,1014,10
1013,2098,767,10
1014,2960,497,10
1015,1889,253,10
1016,1699,279,10
1017,2009,1056,10
1018,679,581,10
1019,2065,677,10
1020,1197,1131,10
1021,2496,384,10
1022,3250,1370,10
1170,3028,365,10
1177,3087,345,10
1178,1493,119,10
1201,688,37,10
1202,1988,64,10
1207,1306,1070,10
1215,2537,176,10
1222,1300,1273,10
1230,1085,1079,10
1234,474,32,10
1239,2550,104,10
1243,786,37,10
1245,2592,96,10
1254,2557,77,10
1256,1060,48,10
1259,960,44,10
1260,998,54,10
1261,1859,120,10
1262,1776,74,10
1272,2223,300,10
1274,2095,53,10
1278,16,1,10
1282,1490,57,10
1284,453,32,10
1288,46,14,10
1289,2442,124,10
1291,1591,279,10
1292,720,31,10
1298,106,7,10
1304,3600,108,10
1307,2117,121,10
1312,177,6,10
1323,654,24,10
1327,2098,595,10
1329,0,0,10
1330,420,14,10
1346,41,1,10
1353,1904,115,10
1358,3648,181,10
1359,399,74,10
1367,3,1,10
1370,3049,176,10
1372,732,45,10
1375,2443,93,10
1380,527,208,10
1389,1223,265,10
1396,214,14,10
1399,175,7,10
1408,768,49,10
1415,905,833,10
1418,1507,72,10
1422,1202,46,10
1424,786,143,10
1425,1342,62,10
1427,1031,33,10
1444,569,31,10
1447,16,3,10
1448,921,43,10
1451,1546,40,10
1455,374,19,10
1459,943,46,10
1462,1153,52,10
1464,134,7,10
1467,1829,80,10
1469,1724,72,10
1470,458,16,10
1472,1964,55,10
1473,441,16,10
1477,575,22,10
1479,61,3,10
1480,380,13,10
1482,959,51,10
1487,1599,60,10
1488,96,151,10
1495,15,5,10
1501,36,0,10
1507,0,0,10
1520,71,1,10
1524,1557,49,10
1526,72,5,10
1527,114,7,10
1536,11,1,10
1537,413,17,10
1539,175,10,10
1540,345,11,10
1542,0,0,10
1543,3,0,10
1546,225,11,10
1547,43,1,10
1548,71,0,10
1549,216,13,10
2194,745,1242,10
2196,2658,5856,10
2198,2965,2889,10
2201,1843,1516,10
2202,2226,1281,10
2204,905,4036,10
2205,651,1526,10
2206,891,2206,10
2209,2229,4469,10
162,3274,8406,13
186,309,1401,13
188,204,1239,13
195,782,2151,13
198,417,1490,13
203,2140,2067,13
210,1030,2358,13
407,1069,275,13
408,1443,248,13
409,928,218,13
410,1227,314,13
411,1560,150,13
412,1761,178,13
413,1101,874,13
414,1179,167,13
415,1023,306,13
416,1440,124,13
417,2385,155,13
418,2033,145,13
419,2038,120,13
420,1364,65,13
421,1355,194,13
422,1478,202,13
423,885,78,13
424,1064,390,13
425,1552,163,13
426,2059,524,13
427,1817,228,13
428,2249,352,13
429,1332,76,13
430,1064,196,13
431,789,468,13
432,1195,271,13
433,2031,137,13
434,1618,379,13
435,2178,460,13
436,1888,173,13
437,1507,383,13
438,1154,144,13
439,1852,490,13
440,1793,169,13
441,2149,829,13
442,1575,142,13
443,1694,175,13
444,974,208,13
445,1597,335,13
446,892,260,13
447,1771,266,13
448,2058,225,13
449,655,347,13
450,519,303,13
451,1722,205,13
452,1621,253,13
453,1397,209,13
454,1800,179,13
455,1906,241,13
456,1133,203,13
457,1219,216,13
458,1772,124,13
459,1357,235,13
460,1321,59,13
461,622,154,13
462,1122,213,13
463,1101,71,13
464,2429,253,13
465,718,139,13
466,1183,247,13
467,1678,181,13
468,2087,249,13
469,2135,168,13
470,1201,255,13
471,657,53,13
702,1225,2282,13
708,322,1465,13
712,1183,3423,13
714,1025,3258,13
722,951,2423,13
727,689,2188,13
760,3499,116,13
786,2660,107,13
856,1289,57,13
874,2586,105,13
929,2436,95,13
943,1292,71,13
947,2537,91,13
999,802,1008,13
1000,1702,2182,13
1001,1051,2838,13
1002,1143,729,13
1004,2571,1969,13
1005,743,529,13
1006,754,2282,13
1007,1336,579,13
1008,2347,770,13
1009,1116,1342,13
1010,749,751,13
1012,2249,1014,13
1013,2098,767,13
1014,2960,497,13
1016,1699,279,13
1017,2009,1056,13
1019,2065,677,13
1020,1197,1131,13
1021,2496,384,13
1022,3250,1370,13
1081,970,1519,13
1083,596,870,13
1084,1299,664,13
1085,343,1793,13
1086,488,886,13
1087,1290,1189,13
1088,417,634,13
1089,1105,1677,13
1090,643,567,13
1091,1070,628,13
1092,2211,323,13
1093,1453,1083,13
1094,1490,598,13
1095,653,1885,13
1096,1007,1620,13
1097,824,1528,13
1098,471,775,13
1099,1731,1991,13
1100,489,1021,13
1101,825,478,13
1102,1415,920,13
1103,984,732,13
1104,1038,643,13
1105,2252,1338,13
1107,915,568,13
1108,1188,1166,13
1109,1068,2320,13
1110,478,803,13
1111,387,1114,13
1112,625,155,13
1114,997,1899,13
1115,476,1583,13
1116,280,496,13
1170,3028,365,13
1177,3087,345,13
1178,1493,119,13
1184,1622,556,13
1187,1312,69,13
1215,2537,176,13
1216,1393,411,13
1256,1060,48,13
1259,960,44,13
1260,998,54,13
1261,1859,120,13
1262,1776,74,13
1263,230,37,13
1268,2085,90,13
1272,2223,300,13
1289,2442,124,13
1298,106,7,13
1348,150,61,13
1349,445,32,13
1353,1904,115,13
1357,1327,78,13
1374,159,16,13
1380,527,208,13
1389,1223,265,13
1407,90,240,13
1408,768,49,13
1419,345,321,13
1422,1202,46,13
1425,1342,62,13
1426,1467,68,13
1428,1212,62,13
1459,943,46,13
1482,959,51,13
1488,96,151,13
1501,36,0,13
1512,98,208,13
1525,334,22,13
1536,11,1,13
1537,413,17,13
1540,345,11,13
1858,4666,2064,13
1859,1451,522,13
1860,3288,916,13
1862,2074,1715,13
1863,1483,1584,13
1864,3420,618,13
1865,1958,1324,13
1866,1891,702,13
1867,1819,1460,13
1868,3201,782,13
1869,1213,1299,13
1870,1589,2217,13
1871,2034,679,13
1872,423,2112,13
1873,2567,347,13
1874,3274,1504,13
1875,1453,931,13
1876,2685,491,13
1877,1589,1579,13
1878,3173,595,13
1879,863,1838,13
1880,2194,1416,13
1881,3662,667,13
1882,2443,948,13
1884,1733,773,13
1886,1828,1166,13
1888,1263,1471,13
1889,2956,1887,13
1890,2636,1221,13
1891,1150,2486,13
1893,1068,947,13
1894,1755,918,13
1957,527,2368,13
1958,207,975,13
2074,377,723,13
2193,787,3626,13
2194,745,1242,13
2199,1957,3116,13
2242,243,1799,13
2243,160,1244,13
2244,113,1277,13
2349,1798,1200,13
2369,1755,849,13
2370,1190,875,13
2371,397,755,13
2372,615,1195,13
2373,844,116,13
2374,249,1445,13
2375,575,1516,13
2376,238,1252,13
2377,537,1334,13
2378,537,910,13
2379,1498,2234,13
2380,279,1306,13
2381,952,292,13
2382,206,1106,13
2383,364,817,13
2384,859,152,13
2385,362,939,13
2386,327,964,13
162,3274,8406,4
758,2302,118,4
759,1242,158,4
760,3499,116,4
763,1395,69,4
764,1208,131,4
765,1671,687,4
769,1521,609,4
770,2098,95,4
771,2025,423,4
773,2320,181,4
779,1361,565,4
780,1461,62,4
783,1750,195,4
784,1753,427,4
785,1202,213,4
786,2660,107,4
793,2285,102,4
796,1346,150,4
797,2064,106,4
799,1970,538,4
800,904,71,4
804,801,183,4
807,1780,138,4
808,1459,375,4
809,1300,62,4
812,1114,51,4
813,1058,672,4
814,2424,96,4
815,1700,70,4
816,1028,424,4
817,2698,138,4
818,1647,171,4
819,2296,89,4
820,1942,83,4
823,1269,63,4
825,1928,143,4
826,1502,184,4
830,2692,103,4
832,1307,332,4
834,1404,75,4
836,1391,55,4
838,730,28,4
841,1182,112,4
843,1215,178,4
845,1218,121,4
847,897,41,4
848,1673,63,4
851,910,516,4
855,1469,73,4
857,1185,384,4
861,1819,92,4
862,2636,231,4
865,999,123,4
871,1738,91,4
874,2586,105,4
876,2849,88,4
878,1280,61,4
879,1333,963,4
881,1445,133,4
882,1157,143,4
885,1060,210,4
888,828,74,4
890,1805,124,4
892,1535,86,4
893,2532,96,4
894,2377,81,4
896,1955,80,4
897,1280,97,4
900,220,12,4
901,1553,133,4
902,2283,77,4
903,2029,73,4
904,1191,64,4
905,2853,156,4
906,425,49,4
907,1683,193,4
908,1620,93,4
910,994,476,4
911,1005,215,4
913,909,323,4
914,1387,105,4
915,1387,549,4
918,1791,52,4
920,2715,144,4
922,2219,159,4
923,928,62,4
924,1750,987,4
925,1825,82,4
926,1852,90,4
928,1718,201,4
929,2436,95,4
931,2156,95,4
932,1947,374,4
933,1754,166,4
934,2431,154,4
935,1102,57,4
937,2161,79,4
940,1122,101,4
942,2113,140,4
943,1292,71,4
945,2394,162,4
946,1289,57,4
947,2537,91,4
1619,1647,1533,4
1624,3025,2229,4
1627,2428,1056,4
1630,1033,529,4
1640,1807,537,4
1641,652,750,4
1642,2274,960,4
1643,1840,1126,4
1646,3055,664,4
1649,1092,682,4
1650,2690,892,4
1651,1054,467,4
1659,855,560,4
1666,2202,539,4
1673,2201,1258,4
1675,3216,1332,4
1676,746,604,4
1677,589,521,4
1678,762,949,4
1679,1396,1321,4
1682,2311,620,4
1685,1606,1123,4
1687,768,447,4
1692,3251,712,4
1693,531,639,4
1702,734,671,4
1703,1287,1041,4
1704,1425,839,4
1707,1398,671,4
1709,2008,648,4
1710,2353,1003,4
1712,652,626,4
1713,1138,970,4
1714,1549,742,4
1719,963,984,4
1720,1592,953,4
1723,1779,710,4
1729,1457,563,4
1730,2998,1179,4
1731,1275,1169,4
1732,831,1128,4
1737,2082,642,4
1740,1922,1481,4
1741,1133,1209,4
1742,1637,1167,4
1744,3370,747,4
1746,1041,1062,4
1747,2589,1008,4
1752,873,564,4
1755,1150,990,4
1756,1697,1166,4
1760,1008,876,4
1769,767,789,4
1770,561,321,4
1772,1293,895,4
1859,1451,522,4
1861,1111,1633,4
1863,1483,1584,4
1865,1958,1324,4
1866,1891,702,4
1869,1213,1299,4
1870,1589,2217,4
1872,423,2112,4
1873,2567,347,4
1876,2685,491,4
1877,1589,1579,4
1879,863,1838,4
1883,784,1855,4
1884,1733,773,4
1885,969,1898,4
1886,1828,1166,4
1887,926,2666,4
1888,1263,1471,4
1890,2636,1221,4
1891,1150,2486,4
1892,684,956,4
1919,311,2597,4
1920,279,1064,4
2119,421,1682,4
2154,145,1066,4
2155,1951,605,4
2156,1085,946,4
2157,586,1204,4
2158,2416,805,4
2159,2094,837,4
2160,1655,1687,4
2161,943,2244,4
2162,564,1441,4
2163,2705,763,4
2164,1105,1297,4
2165,676,1845,4
2166,340,1560,4
2167,980,759,4
2168,2743,399,4
2169,642,398,4
2170,1835,1395,4
2171,109,494,4
2172,2374,1954,4
2173,401,1227,4
2174,2872,710,4
2175,1573,233,4
2335,3107,553,4
2336,1611,835,4
2337,855,351,4
2338,1714,453,4
2339,1473,929,4
2340,2204,1274,4
2341,2339,834,4
2342,968,762,4
2343,2600,759,4
2344,2326,763,4
2345,2198,571,4
2346,1099,1600,4
2347,2054,557,4
2348,3672,609,4
2349,1798,1200,4
2350,1226,962,4
2527,928,2347,4
2530,155,1412,4
2531,993,2559,4
2534,295,1629,4
2542,703,2564,4
2543,830,1797,4
2545,605,2616,4
346,2310,3584,6
347,2179,3295,6
355,1016,3596,6
356,2124,2954,6
359,580,2302,6
370,1099,2796,6
375,712,2693,6
376,653,1755,6
479,1344,1299,6
483,1461,359,6
493,1316,1613,6
494,864,1022,6
498,1016,1025,6
500,1796,611,6
503,1598,1722,6
504,1640,1858,6
507,1240,385,6
509,2860,986,6
510,1283,970,6
511,1963,1632,6
512,1127,1127,6
513,1359,1578,6
514,1624,706,6
519,756,738,6
528,843,969,6
529,1180,1446,6
532,1287,1213,6
533,1859,1249,6
538,1481,1334,6
541,1094,1305,6
551,1294,1487,6
555,690,853,6
558,1289,1680,6
561,609,810,6
562,1721,722,6
563,1113,908,6
564,2467,1349,6
565,1601,1698,6
566,2141,2387,6
567,1626,1760,6
568,1192,1117,6
571,1173,1349,6
576,2477,1030,6
579,1077,782,6
584,538,833,6
587,1149,1209,6
588,990,930,6
594,807,857,6
596,1105,1211,6
597,1518,1545,6
598,810,921,6
599,1089,1213,6
601,1215,1446,6
603,1079,1270,6
604,1317,715,6
605,1014,1226,6
607,871,768,6
608,1374,1436,6
610,1200,1335,6
614,1168,1103,6
615,1234,1441,6
616,859,1138,6
617,1184,374,6
618,835,970,6
761,2034,624,6
762,1801,710,6
765,1671,687,6
766,1961,699,6
768,1723,759,6
769,1521,609,6
772,1779,542,6
774,1469,987,6
776,1398,473,6
777,1124,495,6
779,1361,565,6
781,2466,866,6
782,1819,595,6
789,913,377,6
791,719,391,6
795,990,650,6
798,1129,1071,6
806,2068,394,6
808,1459,375,6
810,1067,168,6
811,1084,802,6
813,1058,672,6
816,1028,424,6
827,1631,1112,6
829,1497,705,6
837,917,434,6
842,1939,893,6
846,2173,1522,6
849,1803,653,6
851,910,516,6
859,1079,734,6
860,665,248,6
866,1029,299,6
867,1256,783,6
868,1573,745,6
869,1124,1108,6
877,1075,890,6
879,1333,963,6
880,674,609,6
884,589,240,6
885,1060,210,6
887,1652,831,6
898,1043,1067,6
899,1765,819,6
909,1160,615,6
910,994,476,6
913,909,323,6
915,1387,549,6
916,1715,1048,6
919,1341,525,6
924,1750,987,6
927,652,532,6
930,1107,479,6
936,1262,420,6
938,851,345,6
939,1077,1104,6
948,936,794,6
1142,3167,3539,6
1149,3871,5095,6
1156,1648,2227,6
1159,1820,1404,6
1160,3141,6381,6
1161,1169,1811,6
1172,1082,691,6
1173,1316,729,6
1175,1464,1370,6
1179,2195,1864,6
1180,406,201,6
1182,978,879,6
1183,679,1397,6
1191,1641,2229,6
1192,1291,1266,6
1193,823,1008,6
1206,2040,1100,6
1207,1306,1070,6
1208,1119,1045,6
1209,491,802,6
1212,1583,1329,6
1219,297,247,6
1220,320,185,6
1221,792,955,6
1222,1300,1273,6
1227,1545,1399,6
1231,1530,494,6
1232,392,278,6
1233,777,504,6
1236,1059,449,6
1237,3341,2030,6
1242,1302,942,6
1247,1785,936,6
1249,1807,2038,6
1250,189,180,6
1251,907,1328,6
1252,658,764,6
1255,1351,765,6
1258,724,818,6
1265,939,446,6
1266,1220,615,6
1269,161,33,6
1270,2038,1347,6
1271,911,381,6
1275,1094,967,6
1276,694,888,6
1277,1927,1857,6
1287,1791,382,6
1295,1154,1280,6
1296,500,665,6
1297,1222,443,6
1299,203,74,6
1300,1869,1794,6
1303,756,344,6
1306,1114,1902,6
1311,1306,897,6
1317,754,145,6
1326,1444,1298,6
1331,883,650,6
1341,1723,1849,6
1343,1945,1266,6
1345,1186,1420,6
1347,1078,1236,6
1352,2145,1403,6
1355,1075,1576,6
1360,1799,895,6
1362,1419,1161,6
1368,664,376,6
1371,568,960,6
1377,1471,1253,6
1378,308,252,6
1381,1426,947,6
1384,1928,2276,6
1385,564,331,6
1388,299,230,6
1392,1039,452,6
1393,486,400,6
1394,1335,934,6
1395,1267,1013,6
1397,1314,1364,6
1398,1000,778,6
1404,1246,725,6
1411,864,692,6
1412,1273,238,6
1413,325,101,6
1415,905,833,6
1423,1154,900,6
1429,1192,510,6
1430,1108,976,6
1432,1146,1151,6
1434,343,476,6
1435,1431,774,6
1436,149,80,6
1437,453,238,6
1439,1737,1523,6
1440,1933,1508,6
1441,280,203,6
1445,1347,1599,6
1446,430,266,6
1453,76,156,6
1458,855,653,6
1463,476,841,6
1466,801,950,6
1474,768,1067,6
1475,1522,1070,6
1483,1042,1040,6
1489,206,346,6
1490,2238,1197,6
1492,776,625,6
1493,1054,700,6
1499,283,198,6
1504,741,473,6
1506,64,146,6
1509,655,235,6
1510,768,755,6
1511,370,195,6
1514,717,310,6
1517,804,856,6
1518,1794,1362,6
1519,777,445,6
1522,684,231,6
1523,235,411,6
1528,100,99,6
1530,527,471,6
1533,345,152,6
1534,596,361,6
1535,193,205,6
1538,172,145,6
1545,541,368,6
1618,2372,965,6
1621,1065,452,6
1622,1922,383,6
1629,2301,1479,6
1631,1167,894,6
1639,1676,1233,6
1654,955,528,6
1656,1980,1485,6
1667,1461,480,6
1669,950,1265,6
1671,1203,1876,6
1684,887,680,6
1686,1447,532,6
1708,1041,1228,6
1731,1275,1169,6
1747,2589,1008,6
1749,1017,277,6
1757,898,1089,6
1758,1509,1130,6
1761,972,649,6
1764,722,873,6
410,1227,314,5
416,1440,124,5
419,2038,120,5
420,1364,65,5
422,1478,202,5
423,885,78,5
429,1332,76,5
432,1195,271,5
433,2031,137,5
463,1101,71,5
509,2860,986,5
517,2962,1441,5
534,3785,1367,5
535,2942,769,5
542,2706,781,5
574,1598,700,5
578,3817,705,5
591,1350,1296,5
758,2302,118,5
761,2034,624,5
762,1801,710,5
766,1961,699,5
767,1206,148,5
771,2025,423,5
772,1779,542,5
774,1469,987,5
775,1777,96,5
778,3123,300,5
779,1361,565,5
781,2466,866,5
783,1750,195,5
784,1753,427,5
785,1202,213,5
787,1627,78,5
788,2100,310,5
790,1480,137,5
792,1845,136,5
794,1904,134,5
795,990,650,5
796,1346,150,5
799,1970,538,5
801,2679,260,5
802,2432,180,5
803,1623,80,5
805,2304,161,5
807,1780,138,5
808,1459,375,5
810,1067,168,5
816,1028,424,5
818,1647,171,5
821,2404,363,5
822,1276,45,5
823,1269,63,5
824,1784,447,5
827,1631,1112,5
828,2680,236,5
831,1959,102,5
832,1307,332,5
833,3341,256,5
835,2640,276,5
836,1391,55,5
838,730,28,5
839,2031,436,5
840,1783,313,5
843,1215,178,5
844,1471,308,5
845,1218,121,5
846,2173,1522,5
850,1626,514,5
852,1518,162,5
853,2197,278,5
854,884,51,5
856,1289,57,5
858,1300,56,5
863,1764,227,5
864,643,152,5
866,1029,299,5
868,1573,745,5
870,2370,332,5
872,2667,163,5
873,2181,115,5
874,2586,105,5
875,1275,432,5
876,2849,88,5
877,1075,890,5
878,1280,61,5
882,1157,143,5
883,1431,285,5
886,896,168,5
889,1122,269,5
891,1042,62,5
893,2532,96,5
895,1523,340,5
899,1765,819,5
900,220,12,5
901,1553,133,5
902,2283,77,5
904,1191,64,5
909,1160,615,5
910,994,476,5
911,1005,215,5
912,1918,455,5
913,909,323,5
914,1387,105,5
915,1387,549,5
917,1000,48,5
919,1341,525,5
921,1245,191,5
925,1825,82,5
926,1852,90,5
930,1107,479,5
935,1102,57,5
941,984,43,5
944,1213,53,5
947,2537,91,5
1169,1242,168,5
1171,1537,707,5
1174,2310,914,5
1176,481,34,5
1181,2663,179,5
1184,1622,556,5
1185,2228,538,5
1186,2984,301,5
1187,1312,69,5
1188,982,154,5
1189,870,48,5
1190,1973,208,5
1194,2118,313,5
1195,1314,222,5
1196,4397,897,5
1197,1178,299,5
1198,1097,119,5
1199,1055,68,5
1200,261,48,5
1201,688,37,5
1202,1988,64,5
1203,581,24,5
1204,1159,87,5
1205,1287,72,5
1207,1306,1070,5
1210,1231,224,5
1211,1726,306,5
1213,2092,280,5
1214,580,20,5
1217,586,80,5
1218,603,28,5
1222,1300,1273,5
1223,1088,39,5
1224,1462,168,5
1225,3200,478,5
1226,2523,349,5
1227,1545,1399,5
1228,268,18,5
1229,405,16,5
1230,1085,1079,5
1234,474,32,5
1235,1145,114,5
1237,3341,2030,5
1238,1020,61,5
1239,2550,104,5
1240,769,71,5
1241,1288,69,5
1242,1302,942,5
1243,786,37,5
1244,2020,1211,5
1245,2592,96,5
1246,2185,217,5
1248,355,65,5
1253,808,351,5
1254,2557,77,5
1257,272,14,5
1264,781,44,5
1267,1092,261,5
1268,2085,90,5
1273,1894,329,5
1274,2095,53,5
1279,891,956,5
1280,468,37,5
1281,1512,105,5
1282,1490,57,5
1283,628,162,5
1284,453,32,5
1285,388,33,5
1286,2435,287,5
1288,46,14,5
1290,563,35,5
1291,1591,279,5
1292,720,31,5
1293,559,89,5
1294,433,29,5
1295,1154,1280,5
1296,500,665,5
1301,479,24,5
1302,455,88,5
1304,3600,108,5
1305,1337,269,5
1307,2117,121,5
1308,1253,242,5
1309,758,33,5
1310,206,16,5
1312,177,6,5
1313,996,40,5
1314,808,67,5
1315,671,64,5
1316,213,16,5
1318,624,75,5
1319,346,32,5
1320,1099,971,5
1321,1917,1029,5
1322,188,64,5
1323,654,24,5
1324,183,9,5
1325,408,20,5
1326,1444,1298,5
1327,2098,595,5
1328,496,29,5
1332,380,30,5
1333,812,33,5
1334,929,60,5
1335,1273,67,5
1336,949,48,5
1337,724,115,5
1338,610,143,5
1339,1591,146,5
1340,777,41,5
1342,1630,955,5
1343,1945,1266,5
1344,410,159,5
1346,41,1,5
1350,733,39,5
1351,1440,70,5
1354,380,108,5
1356,2142,329,5
1357,1327,78,5
1361,1598,87,5
1363,697,52,5
1364,1042,70,5
1365,85,6,5
1366,1531,70,5
1367,3,1,5
1369,946,186,5
1373,506,691,5
1376,392,24,5
1379,1024,71,5
1382,928,56,5
1383,839,942,5
1386,2674,178,5
1387,1514,123,5
1390,1463,143,5
1391,435,34,5
1392,1039,452,5
1396,214,14,5
1399,175,7,5
1400,717,49,5
1401,1025,621,5
1402,450,43,5
1403,1068,36,5
1405,1158,53,5
1406,2579,247,5
1409,643,40,5
1410,972,47,5
1414,402,18,5
1416,728,27,5
1417,1265,737,5
1418,1507,72,5
1420,586,30,5
1421,1037,31,5
1424,786,143,5
1425,1342,62,5
1427,1031,33,5
1429,1192,510,5
1431,1389,43,5
1433,1035,61,5
1438,269,8,5
1442,570,247,5
1443,544,104,5
1444,569,31,5
1447,16,3,5
1448,921,43,5
1449,51,1,5
1450,3440,668,5
1452,422,48,5
1454,388,19,5
1456,1198,48,5
1457,1790,1054,5
1458,855,653,5
1460,328,15,5
1461,324,22,5
1462,1153,52,5
1465,354,88,5
1468,1412,163,5
1469,1724,72,5
1471,2975,666,5
1472,1964,55,5
1473,441,16,5
1476,1601,67,5
1477,575,22,5
1478,844,38,5
1479,61,3,5
1480,380,13,5
1481,385,22,5
1484,372,26,5
1485,1083,50,5
1486,924,135,5
1487,1599,60,5
1491,7,0,5
1494,233,12,5
1496,371,20,5
1497,809,37,5
1498,756,452,5
1500,1081,228,5
1501,36,0,5
1502,363,517,5
1503,2,2,5
1505,431,25,5
1508,638,31,5
1509,655,235,5
1513,957,51,5
1515,338,318,5
1516,225,2,5
1520,71,1,5
1521,1175,138,5
1526,72,5,5
1527,114,7,5
1529,38,5,5
1531,264,10,5
1532,130,13,5
1538,172,145,5
1541,432,65,5
1544,491,22,5
1545,541,368,5
1546,225,11,5
1873,2567,347,5